Workbook

Sheet ARRAY
B2: no seri | C2: regresi | E2: U95
C3: intercept | D3: variable
B4: ='STP-01'!C4 -> STP-01 | C4: ='STP-01'!D34 -> -0.013567777 | D4: ='STP-01'!D35 -> 0.9999728 | E4: ='STP-01'!N12 -> 0.12
B5: ='XTP-02'!C4 -> STP-02 | C5: ='XTP-02'!D34 -> -0.16456416 | D5: ='XTP-02'!D35 -> 1.0000362 | E5: ='XTP-02'!N12 -> 0.12

Sheet STP-01
A1: nama alat: | C1: Digital Stopwatch
A2: merk: | C2: ROX
A3: tipe: | C3: -
A4: no seri: | C4: STP-01
A5: Ketertelusuran: | C5: LK-032-IDN
A6: Kalibrasi selanjutnya: | C6: 46575
H7: 1 MIN = | I7: 60 | J7: s
I9: x | L9: Y
C10: P. ALAT | E10: P. STANDAR | G10: U95 | I10: P. ALAT | J10: P. STANDAR | M10: KOREKSI | N10: U95
C11: min | D11: s | E11: min | F11: s | G11: s | I11: s | J11: s | M11: s | N11: s
C12: 0 | D12: 5 | E12: 0 | F12: 5.02 | G12: 0.12 | I12: 5 | J12: =E12*$I$7 -> 0 | K12: =F12 -> 5.02 | L12: =J12+K12 -> 5.02 | M12: =L12-I12 -> 0.02 | N12: 0.12
C13: 3 | D13: 0 | E13: 2 | F13: 59.97 | I13: =C13*$I$7 -> 180 | J13: =E13*$I$7 -> 120 | K13: =F13 -> 59.97 | L13: =J13+K13 -> 179.97 | M13: =L13-I13 -> -0.03
C14: 5 | D14: 0 | E14: 4 | F14: 59.96 | I14: =C14*$I$7 -> 300 | J14: =E14*$I$7 -> 240 | K14: =F14 -> 59.96 | L14: =J14+K14 -> 299.96 | M14: =L14-I14 -> -0.04
C15: 10 | D15: 0 | E15: 9 | F15: 59.95 | I15: =C15*$I$7 -> 600 | J15: =E15*$I$7 -> 540 | K15: =F15 -> 59.95 | L15: =J15+K15 -> 599.95 | M15: =L15-I15 -> -0.05
C16: 20 | D16: 0 | E16: 19 | F16: 59.97 | I16: =C16*$I$7 -> 1200 | J16: =E16*$I$7 -> 1140 | K16: =F16 -> 59.97 | L16: =J16+K16 -> 1199.97 | M16: =L16-I16 -> -0.03
C18: SUMMARY OUTPUT
C20: Regression Statistics
C21: Multiple R | D21: 1
C22: R Square | D22: 1
C23: Adjusted R Square | D23: 1
C24: Standard Error | D24: 0.02750816
C25: Observations | D25: 5
C27: ANOVA
D28: df | E28: SS | F28: MS | G28: F | H28: Significance F
C29: Regression | D29: 1 | E29: 878132.22 | F29: 878132.22 | G29: 1.1604777e+09 | H29: 5.5784754e-14
C30: Residual | D30: 3 | E30: 0.0022700967 | F30: 0.00075669889
C31: Total | D31: 4 | E31: 878132.22
D33: Coefficients | E33: Standard Error | F33: t Stat | G33: P-value | H33: Lower 95% | I33: Upper 95% | J33: Lower 95,0% | K33: Upper 95,0%
C34: Intercept | D34: -0.013567777 | E34: 0.018201596 | F34: -0.74541685 | G34: 0.51010836 | H34: -0.07149338 | I34: 0.044357826 | J34: -0.07149338 | K34: 0.044357826
C35: X Variable 1 | D35: 0.9999728 | E35: 2.9354168e-05 | F35: 34065.785 | G35: 5.5784754e-14 | H35: 0.99987938 | I35: 1.0000662 | J35: 0.99987938 | K35: 1.0000662

Sheet XTP-02
A1: nama alat: | C1: Digital Stopwatch
A2: merk: | C2: ROX
A3: tipe: | C3: -
A4: no seri: | C4: STP-02
A5: Ketertelusuran: | C5: LK-032-IDN
A6: Kalibrasi selanjutnya: | C6: 46575
H7: 1 MIN = | I7: 60 | J7: s
I9: x | K9: y
C10: P. ALAT | E10: P. STANDAR | G10: U95 | I10: P. ALAT | J10: P. STANDAR | M10: KOREKSI | N10: U95
C11: min | D11: s | E11: min | F11: s | G11: s | I11: s | J11: s | M11: s | N11: s
C12: 0 | D12: 5 | E12: 0 | F12: 5.05 | G12: 0.12 | I12: 5 | J12: =E12*$I$7 -> 0 | K12: =F12 -> 5.05 | L12: =J12+K12 -> 5.05 | M12: =L12-I12 -> 0.05 | N12: 0.12
C13: 3 | D13: 0 | E13: 2 | F13: 59.93 | I13: =C13*$I$7 -> 180 | J13: =E13*$I$7 -> 120 | K13: =F13 -> 59.93 | L13: =J13+K13 -> 179.93 | M13: =L13-I13 -> -0.07
C14: 5 | D14: 0 | E14: 4 | F14: 59.4 | I14: =C14*$I$7 -> 300 | J14: =E14*$I$7 -> 240 | K14: =F14 -> 59.4 | L14: =J14+K14 -> 299.4 | M14: =L14-I14 -> -0.6
C15: 10 | D15: 0 | E15: 9 | F15: 59.95 | I15: =C15*$I$7 -> 600 | J15: =E15*$I$7 -> 540 | K15: =F15 -> 59.95 | L15: =J15+K15 -> 599.95 | M15: =L15-I15 -> -0.05
C16: 20 | D16: 0 | E16: 19 | F16: 59.93 | I16: =C16*$I$7 -> 1200 | J16: =E16*$I$7 -> 1140 | K16: =F16 -> 59.93 | L16: =J16+K16 -> 1199.93 | M16: =L16-I16 -> -0.07
C18: SUMMARY OUTPUT
C20: Regression Statistics
C21: Multiple R | D21: 0.99999985
C22: R Square | D22: 0.9999997
C23: Adjusted R Square | D23: 0.9999996
C24: Standard Error | D24: 0.2967189
C25: Observations | D25: 5
C27: ANOVA
D28: df | E28: SS | F28: MS | G28: F | H28: Significance F
C29: Regression | D29: 1 | E29: 878243.66 | F29: 878243.66 | G29: 9975269 | H29: 6.9997683e-11
C30: Residual | D30: 3 | E30: 0.26412631 | F30: 0.088042103
C31: Total | D31: 4 | E31: 878243.93
D33: Coefficients | E33: Standard Error | F33: t Stat | G33: P-value | H33: Lower 95% | I33: Upper 95% | J33: Lower 95,0% | K33: Upper 95,0%
C34: Intercept | D34: -0.16456416 | E34: 0.19633292 | F34: -0.8381893 | G34: 0.46344954 | H34: -0.78938314 | I34: 0.46025483 | J34: -0.78938314 | K34: 0.46025483
C35: X Variable 1 | D35: 1.0000362 | E35: 0.000316631 | F35: 3158.3649 | G35: 6.9997683e-11 | H35: 0.99902858 | I35: 1.0010439 | J35: 0.99902858 | K35: 1.0010439
