Workbook

Sheet ARRAY
D4: No. Seri | E4: No | F4: Nama | G4: Merk | H4: Type | I4: Regresi Suhu | K4: Regresi Kelembaban | M4: U95 | O4: Tgl. Kalibrasi
I5: Intercept | J5: X variabel | K5: Intercept | L5: X variabel | M5: Suhu | N5: Kelembaban
D6: ='TH-01'!C4 -> TH-01 | E6: 1 | F6: Digital thermohygrometer | G6: ='TH-01'!C2 -> Taffware | H6: ='TH-01'!C3 -> HTC-1 | I6: ='TH-01'!D40 -> -0.35317479 | J6: ='TH-01'!D41 -> 1.0389536 | K6: ='TH-01'!M37 -> -19.598182 | L6: ='TH-01'!M38 -> 1.3814545 | M6: ='TH-01'!F9 -> 0.5 | N6: ='TH-01'!O9 -> 2.7 | O6: ='TH-01'!C5 -> 45799
D7: ='TH-02'!C4 -> TH-02 | E7: 2 | F7: Digital thermohygrometer | G7: ='TH-02'!C2 -> Taffware | H7: ='TH-02'!C3 -> HTC-1 | I7: ='TH-02'!D39 -> -0.036218787 | J7: ='TH-02'!D40 -> 1.023044 | K7: ='TH-02'!O35 -> -20.981818 | L7: ='TH-02'!O36 -> 1.3290909 | M7: ='TH-02'!F8 -> 0.5 | N7: ='TH-02'!Q8 -> 3.1 | O7: ='TH-02'!C5 -> 45799
D8: ='TH-03'!C4 -> TH-03 | E8: 3 | F8: Digital thermohygrometer | G8: ='TH-03'!C2 -> Taffware | H8: ='TH-03'!C3 -> HTC-1 | I8: ='TH-03'!D39 -> -0.40318668 | J8: ='TH-03'!D40 -> 1.0430321 | K8: ='TH-03'!O36 -> -19.666364 | L8: ='TH-03'!O37 -> 1.3078182 | M8: ='TH-03'!F8:F18 -> 0.5 | N8: ='TH-03'!Q8:Q18 -> 2.7 | O8: ='TH-03'!C5 -> 45799
D9: ='TH-04'!C4 -> TH-04 | E9: 4 | F9: Digital thermohygrometer | G9: ='TH-04'!C2 -> Taffware | H9: ='TH-04'!C3 -> HTC-1 | I9: ='TH-04'!D39 -> 0.19985731 | J9: ='TH-04'!D40 -> 0.99894174 | K9: ='TH-04'!O36 -> -20.05 | L9: ='TH-04'!O37 -> 1.3190909 | M9: ='TH-04'!F8 -> 0.6 | N9: ='TH-04'!Q8 -> 2.9 | O9: ='TH-04'!C5 -> 45799

Sheet TH-01
A1: Nama | B1: : | C1: Digital thermohygrometer
A2: Merk | B2: : | C2: Taffware
A3: Tipe | B3: : | C3: HTC-1
A4: No. Seri | B4: : | C4: TH-01
A5: Tgl. Kalibrasi | B5: : | C5: 45799
C7: Suhu | L7: Kelembaban
C8: PA | D8: Koreksi | E8: NS | F8: U95 | L8: PA | M8: Koreksi | N8: NS | O8: U95
C9: 10 | D9: 0.4 | E9: =C9+D9 -> 10.4 | F9: 0.5 | L9: 30 | M9: -9.4 | N9: =L9+M9 -> 20.6 | O9: 2.7
C10: 15 | D10: 0.3 | E10: =C10+D10 -> 15.3 | L10: 35 | M10: -6.7 | N10: =L10+M10 -> 28.3
C11: 20 | D11: 0.3 | E11: =C11+D11 -> 20.3 | L11: 40 | M11: -4.3 | N11: =L11+M11 -> 35.7
C12: 22 | D12: 0.4 | E12: =C12+D12 -> 22.4 | L12: 45 | M12: -1.9 | N12: =L12+M12 -> 43.1
C13: 24 | D13: 0.4 | E13: =C13+D13 -> 24.4 | L13: 50 | M13: 0.2 | N13: =L13+M13 -> 50.2
C14: 26 | D14: 0.5 | E14: =C14+D14 -> 26.5 | L14: 55 | M14: 2.2 | N14: =L14+M14 -> 57.2
C15: 28 | D15: 0.6 | E15: =C15+D15 -> 28.6 | L15: 60 | M15: 4 | N15: =L15+M15 -> 64
C16: 30 | D16: 0.7 | E16: =C16+D16 -> 30.7 | L16: 65 | M16: 5.7 | N16: =L16+M16 -> 70.7
C17: 32 | D17: 0.8 | E17: =C17+D17 -> 32.8 | L17: 70 | M17: 7.2 | N17: =L17+M17 -> 77.2
C18: 35 | D18: 1.1 | E18: =C18+D18 -> 36.1 | L18: 75 | M18: 8.5 | N18: =L18+M18 -> 83.5
C19: 40 | D19: 1.6 | E19: =C19+D19 -> 41.6 | L19: 80 | M19: 9.7 | N19: =L19+M19 -> 89.7
C21: PA : pembacaan alat | L21: SUMMARY OUTPUT
C22: NS : nilai sebenarnya
L23: Regression Statistics
C24: SUMMARY OUTPUT | L24: Multiple R | M24: 0.99945259
L25: R Square | M25: 0.99890547
C26: Regression Statistics | L26: Adjusted R Square | M26: 0.99878386
C27: Multiple R | D27: 0.9997413 | L27: Standard Error | M27: 0.79934316
C28: R Square | D28: 0.99948266 | L28: Observations | M28: 11
C29: Adjusted R Square | D29: 0.99942518
C30: Standard Error | D30: 0.217859 | L30: ANOVA
C31: Observations | D31: 11 | M31: df | N31: SS | O31: MS | P31: F | Q31: Significance F
L32: Regression | M32: 1 | N32: 5248.1458 | O32: 5248.1458 | P32: 8213.7099 | Q32: 1.2288476e-14
C33: ANOVA | L33: Residual | M33: 9 | N33: 5.7505455 | O33: 0.63894949
D34: df | E34: SS | F34: MS | G34: F | H34: Significance F | L34: Total | M34: 10 | N34: 5253.8964
C35: Regression | D35: 1 | E35: 825.2692 | F35: 825.2692 | G35: 17387.799 | H35: 4.2155153e-16
C36: Residual | D36: 9 | E36: 0.4271629 | F36: 0.047462545 | M36: Coefficients | N36: Standard Error | O36: t Stat | P36: P-value | Q36: Lower 95% | R36: Upper 95% | S36: Lower 95,0% | T36: Upper 95,0%
C37: Total | D37: 10 | E37: 825.69636 | L37: Intercept | M37: -19.598182 | N37: 0.87231345 | O37: -22.466903 | P37: 3.2477228e-09 | Q37: -21.571492 | R37: -17.624872 | S37: -21.571492 | T37: -17.624872
L38: X Variable 1 | M38: 1.3814545 | N38: 0.015242876 | O38: 90.62952 | P38: 1.2288476e-14 | Q38: 1.3469728 | R38: 1.4159363 | S38: 1.3469728 | T38: 1.4159363
D39: Coefficients | E39: Standard Error | F39: t Stat | G39: P-value | H39: Lower 95% | I39: Upper 95% | J39: Lower 95,0% | K39: Upper 95,0%
C40: Intercept | D40: -0.35317479 | E40: 0.21240248 | F40: -1.6627621 | G40: 0.13072259 | H40: -0.83366258 | I40: 0.127313 | J40: -0.83366258 | K40: 0.127313
C41: X Variable 1 | D41: 1.0389536 | E41: 0.00787905 | F41: 131.8628 | G41: 4.2155153e-16 | H41: 1.02113 | I41: 1.0567773 | J41: 1.02113 | K41: 1.0567773

Sheet TH-02
A1: Nama | B1: : | C1: Digital thermohygrometer
A2: Merk | B2: : | C2: Taffware
A3: Tipe | B3: : | C3: HTC-1
A4: No. Seri | B4: : | C4: TH-02
A5: Tgl. Kalibrasi | B5: : | C5: 45799
C6: Suhu | N6: Kelembaban
C7: PA | D7: Koreksi | E7: NS | F7: U95 | N7: PA | O7: Koreksi | P7: NS | Q7: U95
C8: 10 | D8: 0.5 | E8: =C8+D8 -> 10.5 | F8: 0.5 | N8: 30 | O8: -9.8 | P8: =N8+O8 -> 20.2 | Q8: 3.1
C9: 15 | D9: 0.4 | E9: =C9+D9 -> 15.4 | N9: 35 | O9: -9 | P9: =N9+O9 -> 26
C10: 20 | D10: 0.3 | E10: =C10+D10 -> 20.3 | N10: 40 | O10: -7.9 | P10: =N10+O10 -> 32.1
C11: 22 | D11: 0.3 | E11: =C11+D11 -> 22.3 | N11: 45 | O11: -6.7 | P11: =N11+O11 -> 38.3
C12: 24 | D12: 0.4 | E12: =C12+D12 -> 24.4 | N12: 50 | O12: -5.3 | P12: =N12+O12 -> 44.7
C13: 26 | D13: 0.4 | E13: =C13+D13 -> 26.4 | N13: 55 | O13: -3.7 | P13: =N13+O13 -> 51.3
C14: 28 | D14: 0.5 | E14: =C14+D14 -> 28.5 | N14: 60 | O14: -2 | P14: =N14+O14 -> 58
C15: 30 | D15: 0.6 | E15: =C15+D15 -> 30.6 | N15: 65 | O15: -0.1 | P15: =N15+O15 -> 64.9
C16: 32 | D16: 0.7 | E16: =C16+D16 -> 32.7 | N16: 70 | O16: 2 | P16: =N16+O16 -> 72
C17: 35 | D17: 0.8 | E17: =C17+D17 -> 35.8 | N17: 75 | O17: 4.2 | P17: =N17+O17 -> 79.2
C18: 40 | D18: 1.2 | E18: =C18+D18 -> 41.2 | N18: 80 | O18: 6.6 | P18: =N18+O18 -> 86.6
N19: SUMMARY OUTPUT
C20: PA : pembacaan alat
C21: NS : nilai sebenarnya | N21: Regression Statistics
N22: Multiple R | O22: 0.99936769
C23: SUMMARY OUTPUT | N23: R Square | O23: 0.99873579
N24: Adjusted R Square | O24: 0.99859532
C25: Regression Statistics | N25: Standard Error | O25: 0.82657869
C26: Multiple R | D26: 0.9998118 | N26: Observations | O26: 11
C27: R Square | D27: 0.99962363
C28: Adjusted R Square | D28: 0.99958181 | N28: ANOVA
C29: Standard Error | D29: 0.18296309 | O29: df | P29: SS | Q29: MS | R29: F | S29: Significance F
C30: Observations | D30: 11 | N30: Regression | O30: 1 | P30: 4857.8273 | Q30: 4857.8273 | R30: 7110.0665 | S30: 2.3506709e-14
N31: Residual | O31: 9 | P31: 6.1490909 | Q31: 0.68323232
C32: ANOVA | N32: Total | O32: 10 | P32: 4863.9764
D33: df | E33: SS | F33: MS | G33: F | H33: Significance F
C34: Regression | D34: 1 | E34: 800.18781 | F34: 800.18781 | G34: 23903.691 | H34: 1.007186e-16 | O34: Coefficients | P34: Standard Error | Q34: t Stat | R34: P-value | S34: Lower 95% | T34: Upper 95% | U34: Lower 95,0% | V34: Upper 95,0%
C35: Residual | D35: 9 | E35: 0.30127943 | F35: 0.033475492 | N35: Intercept | O35: -20.981818 | P35: 0.90203525 | Q35: -23.26053 | R35: 2.3877049e-09 | S35: -23.022364 | T35: -18.941273 | U35: -23.022364 | V35: -18.941273
C36: Total | D36: 10 | E36: 800.48909 | N36: X Variable 1 | O36: 1.3290909 | P36: 0.015762237 | Q36: 84.32121 | R36: 2.3506709e-14 | S36: 1.2934343 | T36: 1.3647476 | U36: 1.2934343 | V36: 1.3647476
D38: Coefficients | E38: Standard Error | F38: t Stat | G38: P-value | H38: Lower 95% | I38: Upper 95% | J38: Lower 95,0% | K38: Upper 95,0%
C39: Intercept | D39: -0.036218787 | E39: 0.17838057 | F39: -0.20304222 | G39: 0.84361822 | H39: -0.43974368 | I39: 0.36730611 | J39: -0.43974368 | K39: 0.36730611
C40: X Variable 1 | D40: 1.023044 | E40: 0.0066170106 | F40: 154.60818 | G40: 1.007186e-16 | H40: 1.0080753 | I40: 1.0380127 | J40: 1.0080753 | K40: 1.0380127

Sheet TH-03
A1: Nama | B1: : | C1: Digital thermohygrometer
A2: Merk | B2: : | C2: Taffware
A3: Tipe | B3: : | C3: HTC-1
A4: No. Seri | B4: : | C4: TH-03
A5: Tgl. Kalibrasi | B5: : | C5: 45799
C6: Suhu | N6: Kelembaban
C7: PA | D7: Koreksi | E7: NS | F7: U95 | N7: PA | O7: Koreksi | P7: NS | Q7: U95
C8: 10 | D8: 0.3 | E8: =C8+D8 -> 10.3 | F8: 0.5 | N8: 30 | O8: -10.8 | P8: =N8+O8 -> 19.2 | Q8: 2.7
C9: 15 | D9: 0.3 | E9: =C9+D9 -> 15.3 | N9: 35 | O9: -9 | P9: =N9+O9 -> 26
C10: 20 | D10: 0.4 | E10: =C10+D10 -> 20.4 | N10: 40 | O10: -7.3 | P10: =N10+O10 -> 32.7
C11: 22 | D11: 0.4 | E11: =C11+D11 -> 22.4 | N11: 45 | O11: -5.7 | P11: =N11+O11 -> 39.3
C12: 24 | D12: 0.5 | E12: =C12+D12 -> 24.5 | N12: 50 | O12: -4.1 | P12: =N12+O12 -> 45.9
C13: 26 | D13: 0.6 | E13: =C13+D13 -> 26.6 | N13: 55 | O13: -2.5 | P13: =N13+O13 -> 52.5
C14: 28 | D14: 0.7 | E14: =C14+D14 -> 28.7 | N14: 60 | O14: -1 | P14: =N14+O14 -> 59
C15: 30 | D15: 0.8 | E15: =C15+D15 -> 30.8 | N15: 65 | O15: 0.5 | P15: =N15+O15 -> 65.5
C16: 32 | D16: 0.9 | E16: =C16+D16 -> 32.9 | N16: 70 | O16: 1.9 | P16: =N16+O16 -> 71.9
C17: 35 | D17: 1.2 | E17: =C17+D17 -> 36.2 | N17: 75 | O17: 3.3 | P17: =N17+O17 -> 78.3
C18: 40 | D18: 1.6 | E18: =C18+D18 -> 41.6 | N18: 80 | O18: 4.6 | P18: =N18+O18 -> 84.6
C20: PA : pembacaan alat | N20: SUMMARY OUTPUT
C21: NS : nilai sebenarnya
N22: Regression Statistics
C23: SUMMARY OUTPUT | N23: Multiple R | O23: 0.99995138
N24: R Square | O24: 0.99990277
C25: Regression Statistics | N25: Adjusted R Square | O25: 0.99989197
C26: Multiple R | D26: 0.99985321 | N26: Standard Error | O26: 0.22542888
C27: R Square | D27: 0.99970644 | N27: Observations | O27: 11
C28: Adjusted R Square | D28: 0.99967382
C29: Standard Error | D29: 0.16473675 | N29: ANOVA
C30: Observations | D30: 11 | O30: df | P30: SS | Q30: MS | R30: F | S30: Significance F
N31: Regression | O31: 1 | P31: 4703.5681 | Q31: 4703.5681 | R31: 92556.796 | S31: 2.2796106e-19
C32: ANOVA | N32: Residual | O32: 9 | P32: 0.45736364 | Q32: 0.050818182
D33: df | E33: SS | F33: MS | G33: F | H33: Significance F | N33: Total | O33: 10 | P33: 4704.0255
C34: Regression | D34: 1 | E34: 831.76121 | F34: 831.76121 | G34: 30649.098 | H34: 3.2920737e-17
C35: Residual | D35: 9 | E35: 0.24424376 | F35: 0.027138195 | O35: Coefficients | P35: Standard Error | Q35: t Stat | R35: P-value | S35: Lower 95% | T35: Upper 95% | U35: Lower 95,0% | V35: Upper 95,0%
C36: Total | D36: 10 | E36: 832.00545 | N36: Intercept | O36: -19.666364 | P36: 0.24600779 | Q36: -79.942035 | R36: 3.7965903e-14 | S36: -20.222872 | T36: -19.109855 | U36: -20.222872 | V36: -19.109855
N37: X Variable 1 | O37: 1.3078182 | P37: 0.0042987602 | Q37: 304.23148 | R37: 2.2796106e-19 | S37: 1.2980937 | T37: 1.3175427 | U37: 1.2980937 | V37: 1.3175427
D38: Coefficients | E38: Standard Error | F38: t Stat | G38: P-value | H38: Lower 95% | I38: Upper 95% | J38: Lower 95,0% | K38: Upper 95,0%
C39: Intercept | D39: -0.40318668 | E39: 0.16061073 | F39: -2.5103347 | G39: 0.033292469 | H39: -0.7665134 | I39: -0.03985997 | J39: -0.7665134 | K39: -0.03985997
C40: X Variable 1 | D40: 1.0430321 | E40: 0.0059578399 | F40: 175.06884 | G40: 3.2920737e-17 | H40: 1.0295545 | I40: 1.0565097 | J40: 1.0295545 | K40: 1.0565097

Sheet TH-04
A1: Nama | B1: : | C1: Digital thermohygrometer
A2: Merk | B2: : | C2: Taffware
A3: Tipe | B3: : | C3: HTC-1
A4: No. Seri | B4: : | C4: TH-04
A5: Tgl. Kalibrasi | B5: : | C5: 45799
C6: Suhu | N6: Kelembaban
C7: PA | D7: Koreksi | E7: NS | F7: U95 | N7: PA | O7: Koreksi | P7: NS | Q7: U95
C8: 10 | D8: 0.1 | E8: =C8+D8 -> 10.1 | F8: 0.6 | N8: 30 | O8: -9.4 | P8: =N8+O8 -> 20.6 | Q8: 2.9
C9: 15 | D9: 0.2 | E9: =C9+D9 -> 15.2 | N9: 35 | O9: -8.5 | P9: =N9+O9 -> 26.5
C10: 20 | D10: 0.2 | E10: =C10+D10 -> 20.2 | N10: 40 | O10: -7.4 | P10: =N10+O10 -> 32.6
C11: 22 | D11: 0.2 | E11: =C11+D11 -> 22.2 | N11: 45 | O11: -6.1 | P11: =N11+O11 -> 38.9
C12: 24 | D12: 0.2 | E12: =C12+D12 -> 24.2 | N12: 50 | O12: -4.7 | P12: =N12+O12 -> 45.3
C13: 26 | D13: 0.2 | E13: =C13+D13 -> 26.2 | N13: 55 | O13: -3.2 | P13: =N13+O13 -> 51.8
C14: 28 | D14: 0.2 | E14: =C14+D14 -> 28.2 | N14: 60 | O14: -1.5 | P14: =N14+O14 -> 58.5
C15: 30 | D15: 0.2 | E15: =C15+D15 -> 30.2 | N15: 65 | O15: 0.3 | P15: =N15+O15 -> 65.3
C16: 32 | D16: 0.2 | E16: =C16+D16 -> 32.2 | N16: 70 | O16: 2.2 | P16: =N16+O16 -> 72.2
C17: 35 | D17: 0.1 | E17: =C17+D17 -> 35.1 | N17: 75 | O17: 4.3 | P17: =N17+O17 -> 79.3
C18: 40 | D18: 0.1 | E18: =C18+D18 -> 40.1 | N18: 80 | O18: 6.5 | P18: =N18+O18 -> 86.5
C20: PA : pembacaan alat | N20: SUMMARY OUTPUT
C21: NS : nilai sebenarnya
N22: Regression Statistics
C23: SUMMARY OUTPUT | N23: Multiple R | O23: 0.99957418
N24: R Square | O24: 0.99914854
C25: Regression Statistics | N25: Adjusted R Square | O25: 0.99905393
C26: Multiple R | D26: 0.99998626 | N26: Standard Error | O26: 0.67311278
C27: R Square | D27: 0.99997253 | N27: Observations | O27: 11
C28: Adjusted R Square | D28: 0.99996947
C29: Standard Error | D29: 0.048260808 | N29: ANOVA
C30: Observations | D30: 11 | O30: df | P30: SS | Q30: MS | R30: F | S30: Significance F
N31: Regression | O31: 1 | P31: 4785.0023 | Q31: 4785.0023 | R31: 10561.035 | S31: 3.9689739e-15
C32: ANOVA | N32: Residual | O32: 9 | P32: 4.0777273 | Q32: 0.45308081
D33: df | E33: SS | F33: MS | G33: F | H33: Significance F | N33: Total | O33: 10 | P33: 4789.08
C34: Regression | D34: 1 | E34: 762.92813 | F34: 762.92813 | G34: 327562.71 | H34: 7.7267519e-22
C35: Residual | D35: 9 | E35: 0.02096195 | F35: 0.0023291056 | O35: Coefficients | P35: Standard Error | Q35: t Stat | R35: P-value | S35: Lower 95% | T35: Upper 95% | U35: Lower 95,0% | V35: Upper 95,0%
C36: Total | D36: 10 | E36: 762.94909 | N36: Intercept | O36: -20.05 | P36: 0.73455977 | Q36: -27.29526 | R36: 5.7643506e-10 | S36: -21.71169 | T36: -18.38831 | U36: -21.71169 | V36: -18.38831
N37: X Variable 1 | O37: 1.3190909 | P37: 0.012835757 | Q37: 102.7669 | R37: 3.9689739e-15 | S37: 1.2900544 | T37: 1.3481274 | U37: 1.2900544 | V37: 1.3481274
D38: Coefficients | E38: Standard Error | F38: t Stat | G38: P-value | H38: Lower 95% | I38: Upper 95% | J38: Lower 95,0% | K38: Upper 95,0%
C39: Intercept | D39: 0.19985731 | E39: 0.047052062 | F39: 4.2475782 | G39: 0.0021501316 | H39: 0.093418154 | I39: 0.30629647 | J39: 0.093418154 | K39: 0.30629647
C40: X Variable 1 | D40: 0.99894174 | E40: 0.0017453918 | F40: 572.33094 | G40: 7.7267519e-22 | H40: 0.99499339 | I40: 1.0028901 | J40: 0.99499339 | K40: 1.0028901
